Workbook

Sheet Build Manifest
A1: SODA Build Manifest
A2: A product of Equalpoint, Inc. . Living tracker: update Status as items move from Specified to Built
A4: Layer | B4: Item | C4: What it is | D4: Status | E4: Format | F4: Notes | H4: _layerfill
A5: 1. Design Foundation | B5: Color system | C5: Green for action, deep green warm surfaces, near-black canvas, amber timers, purple nudges, red errors | D5: Locked | E5: Spec | F5: One dominant element per screen | H5: 1. Design Foundation
B6: Typography | C6: Condensed display, DM Sans UI, DM Mono metadata | D6: Locked | E6: Spec | H6: 1. Design Foundation
B7: Layout rules | C7: Dark mode only, 8pt grid, 44px touch targets | D7: Locked | E7: Spec | H7: 1. Design Foundation
B8: Brand voice + signature line | C8: "A name tag knows you showed up. SODA knows who you became to the room" | D8: Locked | E8: Spec | F8: No em dashes rule | H8: 1. Design Foundation
B9: Motion layer | C9: 100/300/700ms motion system | D9: Pending | E9: Spec | F9: Deliberately last, after screens confirmed | H9: 1. Design Foundation
A10: 2. Naming & Ownership | B10: Product + platform names | C10: SODA (consumer), Relational OS (engine), Equalpoint (owner) | D10: Locked | E10: Spec | H10: 2. Naming & Ownership
B11: The three acts | C11: The Drop, The Chance, The Nudge | D11: Locked | E11: Spec | H11: 2. Naming & Ownership
B12: Ownership model | C12: Host owns event data, Equalpoint owns platform, brand-agnostic | D12: Locked | E12: Spec | H12: 2. Naming & Ownership
A13: 3. Attendee Screens | B13: Entry QR | C13: Attendee-facing screen | D13: Specified | E13: Spec + prompt | F13: Paste-ready Claude Design prompt | H13: 3. Attendee Screens
B14: Welcome | C14: Attendee-facing screen | D14: Specified | E14: Spec + prompt | F14: Paste-ready Claude Design prompt | H14: 3. Attendee Screens
B15: Sign-In | C15: Attendee-facing screen | D15: Specified | E15: Spec + prompt | F15: Paste-ready Claude Design prompt | H15: 3. Attendee Screens
B16: Photo | C16: Attendee-facing screen | D16: Specified | E16: Spec + prompt | F16: Paste-ready Claude Design prompt | H16: 3. Attendee Screens
B17: Role Chips | C17: Attendee-facing screen | D17: Specified | E17: Spec + prompt | F17: Paste-ready Claude Design prompt | H17: 3. Attendee Screens
B18: Offer Chips | C18: Attendee-facing screen | D18: Specified | E18: Spec + prompt | F18: Paste-ready Claude Design prompt | H18: 3. Attendee Screens
B19: Need Chips | C19: Attendee-facing screen | D19: Specified | E19: Spec + prompt | F19: Paste-ready Claude Design prompt | H19: 3. Attendee Screens
B20: Room View | C20: Attendee-facing screen | D20: Specified | E20: Spec + prompt | F20: Paste-ready Claude Design prompt | H20: 3. Attendee Screens
B21: The Drop | C21: Attendee-facing screen | D21: Specified | E21: Spec + prompt | F21: Paste-ready Claude Design prompt | H21: 3. Attendee Screens
B22: The Chance | C22: Attendee-facing screen | D22: Specified | E22: Spec + prompt | F22: Paste-ready Claude Design prompt | H22: 3. Attendee Screens
B23: The Nudge | C23: Attendee-facing screen | D23: Specified | E23: Spec + prompt | F23: Paste-ready Claude Design prompt | H23: 3. Attendee Screens
B24: Returning-Guest Recognition | C24: Attendee-facing screen | D24: Specified | E24: Spec + prompt | F24: Paste-ready Claude Design prompt | H24: 3. Attendee Screens
B25: The Comment | C25: Attendee-facing screen | D25: Specified | E25: Spec + prompt | F25: Paste-ready Claude Design prompt | H25: 3. Attendee Screens
... B29: Recap Email | C29: Attendee-facing screen | D29: Specified | E29: Spec + prompt | F29: Paste-ready Claude Design prompt | H29: 3. Attendee Screens
A30: 4. Host - Admin | B30: Event Creation | C30: Admin back-office component | D30: Specified | E30: Spec | H30: 4. Host - Admin
B31: Host Identity & Branding | C31: Admin back-office component | D31: Specified | E31: Spec | H31: 4. Host - Admin
B32: Event Setup / Active Event | C32: Admin back-office component | D32: Specified | E32: Spec | H32: 4. Host - Admin
B33: Prompt & Pairing Settings | C33: Admin back-office component | D33: Specified | E33: Spec | H33: 4. Host - Admin
B34: Question Creator | C34: Admin back-office component | D34: Specified | E34: Spec | H34: 4. Host - Admin
B35: Chip Queue & Moderation | C35: Admin back-office component | D35: Specified | E35: Spec | H35: 4. Host - Admin
B36: Check-In Panel | C36: Admin back-office component | D36: Specified | E36: Spec | H36: 4. Host - Admin
B37: Lifecycle Control | C37: Admin back-office component | D37: Specified | E37: Spec | H37: 4. Host - Admin
B38: Matches Panel | C38: Admin back-office component | D38: Specified | E38: Spec | H38: 4. Host - Admin
B39: Survey Panel | C39: Admin back-office component | D39: Specified | E39: Spec | H39: 4. Host - Admin
B40: Export Panel | C40: Admin back-office component | D40: Specified | E40: Spec | H40: 4. Host - Admin
A41: 4. Host - Command Center | B41: Live Stat Bar | C41: Live cockpit component | D41: Specified | E41: Spec | H41: 4. Host - Command Center
B42: Activity Feed | C42: Live cockpit component | D42: Specified | E42: Spec | H42: 4. Host - Command Center
B43: Connection Status Badge | C43: Live cockpit component | D43: Specified | E43: Spec | H43: 4. Host - Command Center
B44: Room View (Host) | C44: Live cockpit component | D44: Specified | E44: Spec | H44: 4. Host - Command Center
B45: Sync Control (Drop) | C45: Live cockpit component | D45: Specified | E45: Spec | H45: 4. Host - Command Center
B46: Chance Control | C46: Live cockpit component | D46: Specified | E46: Spec | H46: 4. Host - Command Center
B47: Nudge Control | C47: Live cockpit component | D47: Specified | E47: Spec | H47: 4. Host - Command Center
B48: Intelligence View | C48: Live cockpit component | D48: Specified | E48: Spec | H48: 4. Host - Command Center
B49: Open Mic Feed | C49: Live cockpit component | D49: Specified | E49: Spec | H49: 4. Host - Command Center
B50: Survey Monitor | C50: Live cockpit component | D50: Specified | E50: Spec | H50: 4. Host - Command Center
B51: Broadcast & Announce | C51: Live cockpit component | D51: Specified | E51: Spec | H51: 4. Host - Command Center
A52: 4. Host - Access | B52: Three-level access model | C52: Operator (master key), Host Owner, Collaborator | D52: Specified | E52: Spec | F52: Operator written in now, console later | H52: 4. Host - Access
B53: Operator master key | C53: Cross-event reach, suspend a host, platform-wide data and privacy | D53: Specified | E53: Spec | F53: Tightly held, logged use | H53: 4. Host - Access
B54: Host login & sessions | C54: Email + code, never drop mid-event, recovery via Operator | D54: Specified | E54: Spec + prompt | F54: Host sign-in screen | H54: 4. Host - Access
B55: Account creation | C55: Operator creates host accounts directly | D55: Specified | E55: Spec + prompt | F55: Pilot path | H55: 4. Host - Access
B56: Collaborator management | C56: Owner adds helpers to an event | D56: Specified | E56: Spec + prompt | F56: Admin panel | H56: 4. Host - Access
B57: Collaborator welcome | C57: Event-specific warm welcome for a new collaborator | D57: Specified | E57: Spec + prompt | F57: First-time entry | H57: 4. Host - Access
B58: Collaborator tutorial | C58: Short skippable cards scoped to the role | D58: Specified | E58: Spec + prompt | F58: Revisitable from help | H58: 4. Host - Access
B59: Host welcome-back | C59: Greets a returning Owner or Collaborator and routes them | D59: Specified | E59: Spec + prompt | F59: Routes into live Command Center | H59: 4. Host - Access
B60: Operator console | C60: Cross-event oversight view | D60: Reserved | E60: Spec | F60: Later build, place reserved | H60: 4. Host - Access
B61: Invite flow | C61: Invite links for hosts and collaborators | D61: Reserved | E61: Spec | F61: Later, as outside hosts arrive | H61: 4. Host - Access
A62: 5. Home & Profile | B62: Home Shell | C62: Profile header + 3 tabs | D62: Specified | E62: Spec + prompt | F62: Screen 17 | H62: 5. Home & Profile
B63: Overview Tab | C63: Greeting, recent events, synced people, survey insight | D63: Specified | E63: Spec + prompt | F63: Screen 18 | H63: 5. Home & Profile
B64: Events Tab | C64: Event history with location | D64: Specified | E64: Spec + prompt | F64: Screen 19 | H64: 5. Home & Profile
B65: Contacts Tab (Rolodex) | C65: Dismissible overview + searchable rolodex | D65: Specified | E65: Spec + prompt | F65: Screen 20, dominant element | H65: 5. Home & Profile
B66: Follow-Up Nudge | C66: Timed contact nudge driven by warmth | D66: Specified | E66: Spec | F66: Technicals written | H66: 5. Home & Profile
B67: Profile Detail / Edit | C67: Full profile view + edit | D67: Prototyped | E67: Sim | F67: Formal spec still pending | H67: 5. Home & Profile
A68: 6. Event Layer | B68: Event container | C68: Required name + host name, optional logo, brand-agnostic | D68: Specified | E68: Spec | F68: Build now | H68: 6. Event Layer
B69: Lifecycle | C69: Draft / Live / Closed | D69: Specified | E69: Spec | H69: 6. Event Layer
B70: Per-event QR | C70: Unique code carrying event id | D70: Specified | E70: Spec | H70: 6. Event Layer
B71: Event Mode (Simple / Full) | C71: Preset over the act toggles, runs full experience or entry plus survey with a quick profile | D71: Specified | E71: Spec + prompt | F71: Folded into Event Layer, chips kept in Simple | H71: 6. Event Layer
A72: 7. States | B72: Empty states | C72: 17 empty states across both flows | D72: Specified | E72: Spec | F72: 4 carry prompts | H72: 7. States
B73: Loading states | C73: 9 loading states | D73: Specified | E73: Spec | H73: 7. States
B74: Error states | C74: 5 error states | D74: Specified | E74: Spec | H74: 7. States
A75: 8. Auth, Sessions & Failures | B75: Session rules | C75: Stay signed in, never expire mid-event, re-auth on expiry | D75: Specified | E75: Spec | H75: 8. Auth, Sessions & Failures
B76: Identity & de-duplication | C76: Email as identity key, merge path | D76: Specified | E76: Spec | F76: Prevents profile fragmentation | H76: 8. Auth, Sessions & Failures
B77: Coming-back cases | C77: During event, and between events | D77: Specified | E77: Spec | H77: 8. Auth, Sessions & Failures
B78: Onboarding failure pass | C78: Sign-in, QR, profile, PWA, interruptions, expectations | D78: Specified | E78: Spec | F78: Full slip-by-slip | H78: 8. Auth, Sessions & Failures
B79: Code-not-arriving help state | C79: Edit email, resend countdown, check spam | D79: Specified | E79: Spec + prompt | F79: New state | H79: 8. Auth, Sessions & Failures
B80: Welcome-back re-auth | C80: Reuses sign-in for expired session | D80: Specified | E80: Spec + prompt | F80: New state | H80: 8. Auth, Sessions & Failures
B81: Add-to-home-screen prompt | C81: Install invite after event | D81: Specified | E81: Spec + prompt | F81: New state | H81: 8. Auth, Sessions & Failures
B82: Camera-permission help | C82: Guidance when scan blocked | D82: Specified | E82: Spec | F82: New state | H82: 8. Auth, Sessions & Failures
B83: Sign-out & kiosk mode | C83: Explicit sign-out, clean entry on door device | D83: Specified | E83: Spec | F83: New behavior | H83: 8. Auth, Sessions & Failures
A84: 9. Component Inventory | B84: Inventory (78 entries) | C84: Attendee 17, Home 5, Command 10, Admin 15, States 31 | D84: Built | E84: MD + 2x HTML | F84: Markdown source + static + mobile interactive | H84: 9. Component Inventory
B85: Auth, host & onboarding folded in | C85: Inventory now carries access, host access, and onboarding components | D85: Built | E85: MD + 2x HTML | F85: 92 entries across 7 categories | H85: 9. Component Inventory
A86: 10. Flow Maps | B86: Attendee Flow Map | C86: Guest journey across lifecycle | D86: Built | E86: HTML + MD | H86: 10. Flow Maps
B87: Host Flow Map | C87: Admin + Command Center | D87: Built | E87: HTML + MD | H87: 10. Flow Maps
B88: Profile / Home Flow Map | C88: Home area + follow-up loop | D88: Built | E88: HTML | H88: 10. Flow Maps
B89: Master Flow Map | C89: Every screen, event night + home + recovery | D89: Pending | E89: - | F89: Joins all flows | H89: 10. Flow Maps
A90: 11. Prototypes | B90: Profile Simulation | C90: Working clickthrough, warmth decay nudge timing | D90: Prototyped | E90: HTML/CSS/JS | F90: Interactive | H90: 11. Prototypes
B91: Simple Mode sketch | C91: Interactive Full-vs-Simple toggle showing which screens stay lit | D91: Prototyped | E91: HTML/CSS/JS | F91: Shows Event Mode | H91: 11. Prototypes
B92: Host & Access simulation | C92: Interactive host and access flows with a role switch across Operator, Owner, Collaborator | D92: Prototyped | E92: HTML/CSS/JS | F92: Sign-in, onboarding, returning, operator console preview | H92: 11. Prototypes
A93: 12. Technical Architecture | B93: Stack | C93: Next.js + Supabase, per-event scoping, RLS | D93: Specified | E93: Spec | H93: 12. Technical Architecture
B94: Warmth decay engine | C94: e^(-0.01*days) curve | D94: Specified | E94: Spec | H94: 12. Technical Architecture
B95: AI approval gate | C95: Two-call, no auto-send | D95: Specified | E95: Spec | H95: 12. Technical Architecture
B96: Discard signal logging | C96: Dismissed nudges logged as feedback | D96: Specified | E96: Spec | F96: Closes prior gap | H96: 12. Technical Architecture
B97: Private nudge boundary | C97: Recipient-only, never shared | D97: Specified | E97: Spec | H97: 12. Technical Architecture
B98: Survey personalization | C98: Survey tunes overview + nudge order | D98: Specified | E98: Spec | H98: 12. Technical Architecture
B99: Persistent accounts | C99: Email-keyed accounts + session tokens | D99: Pending | E99: Spec | F99: Required by home area | H99: 12. Technical Architecture
A100: 13. Legal & Trust | B100: Privacy Policy | C100: Plain-language, placeholders | D100: Drafted | E100: MD + DOCX | F100: Needs counsel review | H100: 13. Legal & Trust
B101: Consent + Sign-In addendum | C101: Standard light pattern, one line | D101: Drafted | E101: MD | H101: 13. Legal & Trust
A102: 14. Decks | B102: Investor deck | C102: 14-slide narrative, raises into Equalpoint | D102: Drafted | E102: DOCX | F102: Placeholders for numbers | H102: 14. Decks
B103: Pilot / partner deck | C103: 9-slide narrative for hosts & funders | D103: Drafted | E103: DOCX | H103: 14. Decks
B104: Product walkthrough | C104: 10-slide internal alignment | D104: Drafted | E104: DOCX | H104: 14. Decks
...

Sheet Summary
A1: Status Snapshot
A3: Total items | B3: =COUNTA('Build Manifest'!B5:B109) -> 105
A5: By status | D5: By layer
A6: Locked | B6: =COUNTIF('Build Manifest'!D5:D109,"Locked") -> 7 | D6: 1. Design Foundation | E6: =COUNTIF('Build Manifest'!H5:H109,"1. Design Foundation") -> 5
A7: Specified | B7: =COUNTIF('Build Manifest'!D5:D109,"Specified") -> 74 | D7: 2. Naming & Ownership | E7: =COUNTIF('Build Manifest'!H5:H109,"2. Naming & Ownership") -> 3
A8: Built | B8: =COUNTIF('Build Manifest'!D5:D109,"Built") -> 5 | D8: 3. Attendee Screens | E8: =COUNTIF('Build Manifest'!H5:H109,"3. Attendee Screens") -> 17
A9: Prototyped | B9: =COUNTIF('Build Manifest'!D5:D109,"Prototyped") -> 4 | D9: 4. Host - Admin | E9: =COUNTIF('Build Manifest'!H5:H109,"4. Host - Admin") -> 11
A10: Drafted | B10: =COUNTIF('Build Manifest'!D5:D109,"Drafted") -> 5 | D10: 4. Host - Command Center | E10: =COUNTIF('Build Manifest'!H5:H109,"4. Host - Command Center") -> 11
A11: Reserved | B11: =COUNTIF('Build Manifest'!D5:D109,"Reserved") -> 5 | D11: 4. Host - Access | E11: =COUNTIF('Build Manifest'!H5:H109,"4. Host - Access") -> 10
A12: Parked | B12: =COUNTIF('Build Manifest'!D5:D109,"Parked") -> 0 | D12: 5. Home & Profile | E12: =COUNTIF('Build Manifest'!H5:H109,"5. Home & Profile") -> 6
A13: Pending | B13: =COUNTIF('Build Manifest'!D5:D109,"Pending") -> 5 | D13: 6. Event Layer | E13: =COUNTIF('Build Manifest'!H5:H109,"6. Event Layer") -> 4
D14: 7. States | E14: =COUNTIF('Build Manifest'!H5:H109,"7. States") -> 3
D15: 8. Auth, Sessions & Failures | E15: =COUNTIF('Build Manifest'!H5:H109,"8. Auth, Sessions & Failures") -> 9
A16: Headline numbers | D16: 9. Component Inventory | E16: =COUNTIF('Build Manifest'!H5:H109,"9. Component Inventory") -> 2
A17: Attendee screens specified | B17: 16 | D17: 10. Flow Maps | E17: =COUNTIF('Build Manifest'!H5:H109,"10. Flow Maps") -> 4
A18: Home screens specified | B18: 4 | D18: 11. Prototypes | E18: =COUNTIF('Build Manifest'!H5:H109,"11. Prototypes") -> 3
A19: Components in inventory | B19: 78 | D19: 12. Technical Architecture | E19: =COUNTIF('Build Manifest'!H5:H109,"12. Technical Architecture") -> 7
A20: Empty / loading / error states | B20: 31 | D20: 13. Legal & Trust | E20: =COUNTIF('Build Manifest'!H5:H109,"13. Legal & Trust") -> 2
A21: Flow maps built | B21: 3 | D21: 14. Decks | E21: =COUNTIF('Build Manifest'!H5:H109,"14. Decks") -> 3
A22: Decks drafted | B22: 3 | D22: 15. Reserved (Soon) | E22: =COUNTIF('Build Manifest'!H5:H109,"15. Reserved (Soon)") -> 3
D23: 16. App Build | E23: =COUNTIF('Build Manifest'!H5:H109,"16. App Build") -> 2
A24: Legend: Locked = settled . Specified = spec + prompt ready . Built = artifact exists . Prototyped = working sim . Drafted = draft for review . Reserved/Parked = intentionally later . Pending = to do
